               epoch,      train/box_loss,      train/obj_loss,      train/cls_loss,   metrics/precision,      metrics/recall,     metrics/mAP_0.5,metrics/mAP_0.5:0.95,        val/box_loss,        val/obj_loss,        val/cls_loss,               x/lr0,               x/lr1,               x/lr2
                   0,            0.068173,            0.051146,                   0,          0.00030741,            0.011999,          0.00015577,          2.8972e-05,            0.056967,            0.021344,                   0,            0.070455,           0.0032828,           0.0032828
                   1,             0.06308,            0.050104,                   0,          0.00012593,           0.0049154,          6.3647e-05,          1.3446e-05,            0.056756,            0.021413,                   0,            0.040449,           0.0066109,           0.0066109
                   2,            0.057122,            0.046372,                   0,           0.0095259,             0.37184,            0.045923,           0.0085805,            0.054792,            0.019909,                   0,            0.010439,           0.0099336,           0.0099336
                   3,              0.0542,            0.044253,                   0,             0.29695,             0.39397,             0.24711,            0.064556,            0.040307,            0.021184,                   0,            0.009976,            0.009976,            0.009976
                   4,            0.051455,            0.046403,                   0,             0.28774,             0.41073,             0.23829,            0.062445,            0.040231,            0.018148,                   0,            0.009976,            0.009976,            0.009976
                   5,            0.049076,            0.044442,                   0,             0.27066,             0.40367,             0.21957,            0.055804,            0.042549,            0.017501,                   0,            0.009968,            0.009968,            0.009968
                   6,            0.047406,            0.043868,                   0,             0.37829,             0.43006,             0.31369,            0.084646,            0.038616,            0.015244,                   0,             0.00996,             0.00996,             0.00996
                   7,            0.046598,            0.043263,                   0,             0.58148,             0.54937,             0.55522,             0.17334,            0.034255,            0.014718,                   0,            0.009952,            0.009952,            0.009952
                   8,            0.046183,            0.043179,                   0,             0.60009,             0.53376,             0.54849,              0.1613,            0.035278,            0.014994,                   0,            0.009944,            0.009944,            0.009944
                   9,            0.044556,            0.042057,                   0,             0.68916,             0.61255,             0.63635,             0.19376,            0.033614,            0.013474,                   0,            0.009936,            0.009936,            0.009936
                  10,            0.043931,            0.041553,                   0,             0.66705,             0.60445,             0.61535,             0.17989,            0.034476,            0.014241,                   0,            0.009928,            0.009928,            0.009928
                  11,             0.04379,            0.040062,                   0,              0.6446,             0.57221,             0.55967,             0.15563,            0.035684,            0.014223,                   0,             0.00992,             0.00992,             0.00992
                  12,            0.043438,            0.039318,                   0,             0.77899,             0.67414,             0.73839,             0.24333,            0.031793,             0.01386,                   0,            0.009912,            0.009912,            0.009912
                  13,            0.042988,            0.040334,                   0,             0.69816,             0.59534,             0.60027,             0.17091,            0.035312,            0.013199,                   0,            0.009904,            0.009904,            0.009904
                  14,            0.042324,            0.038967,                   0,             0.73427,             0.66055,             0.68037,             0.20543,             0.03391,            0.013747,                   0,            0.009896,            0.009896,            0.009896
                  15,            0.042483,            0.040176,                   0,             0.82493,             0.74411,             0.79685,             0.27917,            0.030894,            0.013142,                   0,            0.009888,            0.009888,            0.009888
                  16,            0.041728,            0.038945,                   0,             0.64542,             0.57106,             0.53713,             0.14403,            0.035316,            0.013171,                   0,             0.00988,             0.00988,             0.00988
                  17,            0.041919,            0.037835,                   0,             0.78334,              0.6737,             0.71961,             0.23175,            0.032375,            0.012588,                   0,            0.009872,            0.009872,            0.009872
                  18,            0.042042,            0.038366,                   0,             0.80893,             0.65621,             0.73512,             0.25017,            0.031214,            0.013178,                   0,            0.009864,            0.009864,            0.009864
                  19,              0.0417,            0.037856,                   0,             0.80186,             0.64415,              0.7134,             0.23459,            0.032173,            0.012993,                   0,            0.009856,            0.009856,            0.009856
                  20,            0.040886,            0.037351,                   0,             0.82976,             0.73153,             0.78664,             0.26747,            0.031045,            0.012571,                   0,            0.009848,            0.009848,            0.009848
                  21,            0.040958,             0.03734,                   0,              0.8143,             0.70348,              0.7575,             0.24955,             0.03166,            0.012137,                   0,             0.00984,             0.00984,             0.00984
                  22,            0.040967,            0.036674,                   0,             0.81997,             0.69163,             0.75012,             0.24613,            0.032023,            0.012218,                   0,            0.009832,            0.009832,            0.009832
                  23,            0.040421,            0.036397,                   0,                0.85,             0.73488,             0.80385,             0.27845,            0.030314,            0.012011,                   0,            0.009824,            0.009824,            0.009824
                  24,            0.040977,            0.035836,                   0,             0.87812,             0.75654,             0.83081,             0.29218,            0.030217,            0.011742,                   0,            0.009816,            0.009816,            0.009816
                  25,            0.040885,            0.035909,                   0,               0.823,             0.71838,             0.77816,             0.26338,            0.031174,            0.012048,                   0,            0.009808,            0.009808,            0.009808
                  26,            0.040211,             0.03637,                   0,              0.8492,             0.75633,             0.81225,             0.28711,            0.030075,             0.01255,                   0,              0.0098,              0.0098,              0.0098
                  27,            0.040606,            0.037136,                   0,             0.81102,              0.6924,             0.73095,             0.22819,            0.031923,            0.012265,                   0,            0.009792,            0.009792,            0.009792
                  28,            0.040255,            0.035828,                   0,             0.78801,             0.66962,              0.7032,             0.22123,            0.032494,            0.012236,                   0,            0.009784,            0.009784,            0.009784
                  29,            0.039827,            0.036238,                   0,             0.87634,             0.77248,             0.84132,             0.30572,            0.029465,            0.011753,                   0,            0.009776,            0.009776,            0.009776
                  30,            0.039923,            0.035167,                   0,             0.81237,             0.70435,             0.73395,             0.23952,            0.031702,            0.011706,                   0,            0.009768,            0.009768,            0.009768
                  31,            0.040357,            0.036253,                   0,              0.8318,             0.70778,             0.76767,             0.25449,            0.031121,            0.012184,                   0,             0.00976,             0.00976,             0.00976
                  32,            0.040004,            0.035725,                   0,             0.88222,              0.7721,             0.84368,             0.29878,            0.029517,            0.011565,                   0,            0.009752,            0.009752,            0.009752
                  33,            0.039842,            0.035972,                   0,             0.84582,             0.75047,             0.79994,             0.27115,             0.03072,            0.011645,                   0,            0.009744,            0.009744,            0.009744
                  34,            0.039166,            0.034666,                   0,             0.80482,             0.66214,             0.70199,             0.21629,            0.032736,            0.012409,                   0,            0.009736,            0.009736,            0.009736
                  35,            0.039478,            0.036134,                   0,             0.87994,             0.76395,             0.83436,             0.29452,            0.029805,            0.011647,                   0,            0.009728,            0.009728,            0.009728
                  36,            0.039344,            0.034997,                   0,             0.89696,             0.79153,             0.86542,             0.32343,            0.028911,            0.011469,                   0,             0.00972,             0.00972,             0.00972
                  37,            0.039665,            0.035849,                   0,             0.89046,             0.77042,             0.84606,             0.30489,            0.029421,            0.011573,                   0,            0.009712,            0.009712,            0.009712
                  38,            0.039149,            0.034091,                   0,             0.85809,             0.72604,             0.81093,             0.28611,            0.030152,            0.012527,                   0,            0.009704,            0.009704,            0.009704
                  39,             0.03932,            0.034469,                   0,             0.89236,             0.78026,             0.85766,             0.31999,             0.02898,            0.011661,                   0,            0.009696,            0.009696,            0.009696
                  40,            0.039099,            0.034822,                   0,             0.88606,             0.77317,             0.84892,             0.30855,             0.02939,            0.011563,                   0,            0.009688,            0.009688,            0.009688
                  41,            0.039738,            0.035226,                   0,             0.88086,              0.7629,             0.82587,             0.28717,            0.030197,              0.0117,                   0,             0.00968,             0.00968,             0.00968
                  42,            0.039714,            0.035419,                   0,             0.85968,             0.72546,             0.79496,             0.27217,            0.030653,            0.012078,                   0,            0.009672,            0.009672,            0.009672
                  43,            0.038913,            0.034057,                   0,             0.88268,             0.77552,             0.83208,             0.28641,            0.030054,             0.01133,                   0,            0.009664,            0.009664,            0.009664
                  44,            0.038829,            0.034961,                   0,             0.86199,             0.73486,             0.80198,             0.27483,            0.030303,             0.01194,                   0,            0.009656,            0.009656,            0.009656
                  45,            0.038837,            0.033877,                   0,             0.84141,             0.73471,             0.77775,             0.26496,            0.031016,            0.011638,                   0,            0.009648,            0.009648,            0.009648
                  46,            0.038614,            0.033763,                   0,             0.88257,             0.75627,             0.84132,             0.30719,            0.029234,            0.011938,                   0,             0.00964,             0.00964,             0.00964
                  47,            0.038314,            0.033992,                   0,             0.89626,             0.79316,             0.86079,             0.31845,            0.029026,            0.011416,                   0,            0.009632,            0.009632,            0.009632
                  48,            0.038856,            0.033976,                   0,             0.87186,             0.75726,             0.83012,             0.30738,             0.02945,            0.012228,                   0,            0.009624,            0.009624,            0.009624
                  49,            0.038415,            0.033564,                   0,             0.89077,             0.80645,             0.85428,             0.30896,            0.029313,            0.011157,                   0,            0.009616,            0.009616,            0.009616
                  50,            0.038606,            0.033586,                   0,             0.86215,               0.771,             0.80757,             0.27005,            0.030698,            0.011352,                   0,            0.009608,            0.009608,            0.009608
                  51,             0.03887,            0.033393,                   0,             0.90734,             0.80599,             0.87079,             0.32396,             0.02883,            0.011128,                   0,              0.0096,              0.0096,              0.0096
                  52,             0.03859,            0.034112,                   0,             0.84973,             0.73356,              0.7908,             0.28132,            0.029874,            0.013063,                   0,            0.009592,            0.009592,            0.009592
                  53,            0.038488,            0.034688,                   0,             0.89293,             0.79453,               0.852,             0.30583,            0.029385,            0.011311,                   0,            0.009584,            0.009584,            0.009584
                  54,            0.038715,            0.034458,                   0,             0.87622,             0.77371,             0.81368,              0.2747,            0.030554,            0.011295,                   0,            0.009576,            0.009576,            0.009576
                  55,            0.038321,            0.034113,                   0,              0.8864,             0.77577,             0.83708,              0.2989,             0.02934,            0.011965,                   0,            0.009568,            0.009568,            0.009568
                  56,            0.038394,            0.034068,                   0,             0.87624,              0.7762,             0.82425,             0.28621,            0.030059,            0.011345,                   0,             0.00956,             0.00956,             0.00956
                  57,            0.038117,            0.032828,                   0,             0.90657,              0.8388,             0.88528,             0.32774,            0.028555,            0.010918,                   0,            0.009552,            0.009552,            0.009552
                  58,            0.038078,            0.033081,                   0,             0.89189,             0.79456,             0.85168,             0.30291,            0.029198,            0.011483,                   0,            0.009544,            0.009544,            0.009544
                  59,            0.038125,            0.032662,                   0,             0.90975,             0.81318,             0.87505,             0.32171,            0.028894,            0.011045,                   0,            0.009536,            0.009536,            0.009536
                  60,             0.03777,            0.032879,                   0,             0.90473,             0.81006,             0.86165,             0.30933,            0.029015,            0.011146,                   0,            0.009528,            0.009528,            0.009528
                  61,            0.038055,             0.03322,                   0,             0.90403,             0.80623,             0.86829,             0.31584,            0.028795,            0.011097,                   0,             0.00952,             0.00952,             0.00952
                  62,            0.037711,            0.032092,                   0,             0.86281,             0.72315,             0.80074,             0.27106,            0.030329,            0.012268,                   0,            0.009512,            0.009512,            0.009512
                  63,            0.038433,            0.033797,                   0,             0.89589,             0.80772,             0.85999,             0.30944,            0.029165,            0.011142,                   0,            0.009504,            0.009504,            0.009504
                  64,            0.038144,            0.032555,                   0,             0.89452,               0.807,             0.86428,             0.31498,            0.029077,             0.01105,                   0,            0.009496,            0.009496,            0.009496
                  65,            0.037929,            0.033094,                   0,             0.89639,             0.80671,             0.85917,             0.30374,              0.0292,            0.011137,                   0,            0.009488,            0.009488,            0.009488
                  66,            0.038118,            0.033372,                   0,             0.89466,             0.76464,             0.83507,             0.29457,            0.029857,            0.011755,                   0,             0.00948,             0.00948,             0.00948
                  67,            0.038409,            0.033214,                   0,              0.9043,             0.82782,             0.87708,             0.32379,            0.028756,            0.010962,                   0,            0.009472,            0.009472,            0.009472
                  68,            0.037665,            0.033952,                   0,             0.91329,              0.8028,             0.86759,             0.31747,            0.028794,            0.011243,                   0,            0.009464,            0.009464,            0.009464
                  69,             0.03809,            0.031699,                   0,             0.90744,             0.82984,             0.88459,             0.33405,            0.028249,            0.011063,                   0,            0.009456,            0.009456,            0.009456
                  70,            0.038192,               0.033,                   0,             0.89648,             0.81827,             0.85839,             0.30588,            0.029101,            0.011134,                   0,            0.009448,            0.009448,            0.009448
                  71,            0.038279,            0.032356,                   0,             0.86213,             0.74758,             0.79979,             0.26925,             0.03031,            0.011709,                   0,             0.00944,             0.00944,             0.00944
                  72,             0.03758,            0.032679,                   0,             0.88241,              0.7627,             0.83276,             0.29468,             0.02949,            0.011793,                   0,            0.009432,            0.009432,            0.009432
                  73,            0.037602,            0.032583,                   0,             0.88543,             0.79331,             0.84506,              0.2962,            0.029717,             0.01113,                   0,            0.009424,            0.009424,            0.009424
                  74,            0.038173,            0.033022,                   0,             0.87029,             0.73914,             0.80028,              0.2774,            0.030088,            0.012321,                   0,            0.009416,            0.009416,            0.009416
                  75,            0.037632,            0.032763,                   0,             0.90239,             0.77331,             0.85531,             0.31344,             0.02902,            0.011882,                   0,            0.009408,            0.009408,            0.009408
                  76,            0.037572,            0.033423,                   0,             0.89849,             0.78141,             0.84648,             0.30147,            0.029349,            0.011468,                   0,              0.0094,              0.0094,              0.0094
                  77,            0.038016,            0.033366,                   0,             0.88576,             0.79475,             0.84409,             0.29516,            0.029565,            0.011318,                   0,            0.009392,            0.009392,            0.009392
                  78,            0.037028,            0.031747,                   0,             0.91962,             0.81784,             0.88132,             0.32732,            0.028494,            0.011303,                   0,            0.009384,            0.009384,            0.009384
                  79,            0.037185,            0.031711,                   0,             0.89503,             0.79962,              0.8676,             0.32571,            0.028468,            0.011717,                   0,            0.009376,            0.009376,            0.009376
                  80,            0.037785,             0.03226,                   0,             0.91145,             0.83071,             0.88283,             0.32575,            0.028535,            0.010928,                   0,            0.009368,            0.009368,            0.009368
                  81,             0.03761,            0.031663,                   0,             0.90075,              0.7938,             0.85585,             0.30923,            0.029014,            0.011422,                   0,             0.00936,             0.00936,             0.00936
                  82,            0.037532,            0.031436,                   0,             0.91175,             0.82637,             0.88155,             0.31949,            0.028715,            0.010895,                   0,            0.009352,            0.009352,            0.009352
                  83,             0.03805,            0.032377,                   0,             0.91807,             0.83374,             0.88948,             0.33349,            0.028383,            0.010845,                   0,            0.009344,            0.009344,            0.009344
                  84,            0.037581,            0.032675,                   0,             0.90051,             0.80642,             0.86585,              0.3133,            0.029037,            0.011091,                   0,            0.009336,            0.009336,            0.009336
                  85,            0.037086,            0.031008,                   0,             0.89368,             0.80815,             0.85386,             0.30015,            0.029387,            0.011105,                   0,            0.009328,            0.009328,            0.009328
                  86,            0.037541,            0.032614,                   0,              0.8921,             0.78791,             0.84175,             0.29486,            0.029539,            0.011251,                   0,             0.00932,             0.00932,             0.00932
                  87,            0.036867,            0.031428,                   0,             0.88651,             0.80065,             0.84031,             0.28619,            0.029675,            0.011088,                   0,            0.009312,            0.009312,            0.009312
                  88,            0.037651,            0.032386,                   0,              0.9146,             0.82174,              0.8828,             0.32506,             0.02853,            0.010914,                   0,            0.009304,            0.009304,            0.009304
                  89,            0.037518,            0.032702,                   0,             0.91568,             0.81637,             0.88508,             0.33442,            0.028367,            0.011244,                   0,            0.009296,            0.009296,            0.009296
                  90,            0.037116,            0.033233,                   0,             0.90966,             0.78459,             0.86873,             0.32397,            0.028696,            0.011855,                   0,            0.009288,            0.009288,            0.009288
                  91,            0.037613,            0.032149,                   0,             0.89709,             0.77736,             0.85557,             0.30624,            0.029233,            0.011423,                   0,             0.00928,             0.00928,             0.00928
                  92,            0.037668,            0.032709,                   0,             0.86705,             0.75914,             0.81061,             0.27776,            0.030226,            0.011546,                   0,            0.009272,            0.009272,            0.009272
                  93,            0.037588,            0.033199,                   0,             0.92087,             0.83779,             0.89646,             0.33952,            0.028073,            0.010803,                   0,            0.009264,            0.009264,            0.009264
                  94,            0.037267,            0.032232,                   0,             0.90783,             0.81914,             0.87913,             0.31816,            0.028765,            0.011014,                   0,            0.009256,            0.009256,            0.009256
                  95,            0.037826,            0.032537,                   0,             0.91766,             0.83765,              0.8961,             0.33914,            0.027922,            0.010892,                   0,            0.009248,            0.009248,            0.009248
                  96,            0.037092,            0.031026,                   0,             0.90255,             0.80367,             0.86262,             0.30876,            0.029168,            0.011184,                   0,             0.00924,             0.00924,             0.00924
                  97,            0.037184,            0.031629,                   0,             0.91562,             0.81611,             0.88503,             0.33071,            0.028439,            0.010851,                   0,            0.009232,            0.009232,            0.009232
                  98,            0.037579,            0.032562,                   0,             0.92483,             0.84127,             0.90057,             0.34619,            0.027857,            0.010874,                   0,            0.009224,            0.009224,            0.009224
                  99,            0.037067,            0.031335,                   0,             0.91039,             0.83447,             0.88045,             0.31781,            0.028732,            0.010936,                   0,            0.009216,            0.009216,            0.009216
                 100,            0.037081,            0.031105,                   0,             0.91722,             0.83316,             0.88752,             0.32724,            0.028508,            0.010955,                   0,            0.009208,            0.009208,            0.009208
                 101,            0.037132,            0.031261,                   0,             0.91341,             0.82391,             0.88698,             0.33242,            0.028414,            0.011027,                   0,              0.0092,              0.0092,              0.0092
                 102,            0.037022,            0.031481,                   0,             0.91688,             0.84356,             0.89467,             0.33529,            0.028255,            0.010831,                   0,            0.009192,            0.009192,            0.009192
                 103,            0.037045,            0.032775,                   0,             0.90938,             0.81206,             0.87628,             0.32212,            0.028708,            0.011151,                   0,            0.009184,            0.009184,            0.009184
                 104,             0.03786,            0.032624,                   0,             0.90097,             0.80917,             0.86948,             0.31511,            0.028916,              0.0111,                   0,            0.009176,            0.009176,            0.009176
                 105,            0.036546,            0.031791,                   0,             0.91821,             0.82984,             0.89456,             0.33817,            0.028213,            0.011003,                   0,            0.009168,            0.009168,            0.009168
                 106,            0.037232,            0.031876,                   0,             0.89891,             0.79615,             0.85755,             0.30886,            0.029186,            0.011034,                   0,             0.00916,             0.00916,             0.00916
                 107,            0.036985,            0.031472,                   0,             0.91586,             0.84704,             0.89547,              0.3333,            0.028241,            0.010845,                   0,            0.009152,            0.009152,            0.009152
                 108,            0.037494,            0.032838,                   0,             0.91503,             0.82821,             0.88705,             0.33293,            0.028359,            0.010972,                   0,            0.009144,            0.009144,            0.009144
                 109,            0.037246,            0.031678,                   0,             0.91147,             0.82458,             0.88038,             0.32499,            0.028618,            0.010861,                   0,            0.009136,            0.009136,            0.009136
                 110,            0.037381,            0.031588,                   0,             0.91557,             0.83967,             0.88642,             0.32992,            0.028439,            0.010706,                   0,            0.009128,            0.009128,            0.009128
                 111,            0.036617,            0.030599,                   0,             0.91651,             0.83129,             0.89094,             0.33378,            0.028274,            0.010906,                   0,             0.00912,             0.00912,             0.00912
                 112,            0.036828,            0.031316,                   0,             0.91369,             0.79413,             0.86728,             0.31617,            0.028935,            0.011592,                   0,            0.009112,            0.009112,            0.009112
                 113,            0.036889,            0.032037,                   0,             0.92493,             0.84075,             0.89899,             0.33965,            0.028069,            0.010845,                   0,            0.009104,            0.009104,            0.009104
                 114,            0.036576,            0.031108,                   0,             0.91965,             0.82565,             0.88769,             0.33182,            0.028355,            0.011105,                   0,            0.009096,            0.009096,            0.009096
                 115,             0.03732,            0.032026,                   0,             0.91317,             0.82897,             0.88597,             0.32824,            0.028494,            0.010911,                   0,            0.009088,            0.009088,            0.009088
                 116,            0.036891,            0.031884,                   0,              0.8951,             0.77563,             0.83754,             0.29819,            0.029579,             0.01158,                   0,             0.00908,             0.00908,             0.00908
                 117,            0.036724,            0.032344,                   0,             0.92323,             0.83316,             0.89499,             0.33507,            0.028189,            0.010939,                   0,            0.009072,            0.009072,            0.009072
                 118,            0.037041,            0.030868,                   0,             0.91933,             0.81943,              0.8888,             0.33227,            0.028312,            0.011086,                   0,            0.009064,            0.009064,            0.009064
                 119,             0.03677,            0.031655,                   0,              0.9225,             0.82854,             0.89264,             0.33589,            0.028246,            0.011037,                   0,            0.009056,            0.009056,            0.009056
                 120,            0.036721,            0.032079,                   0,              0.9053,             0.82508,             0.87345,              0.3141,            0.028871,            0.010905,                   0,            0.009048,            0.009048,            0.009048
                 121,            0.036576,            0.030349,                   0,              0.9145,             0.81076,             0.87639,             0.32403,            0.028594,            0.011284,                   0,             0.00904,             0.00904,             0.00904
                 122,            0.036756,            0.031285,                   0,             0.90467,             0.79312,             0.85522,             0.30912,            0.029228,            0.011365,                   0,            0.009032,            0.009032,            0.009032
                 123,            0.037243,            0.032268,                   0,             0.92011,             0.82425,             0.88949,             0.33124,            0.028317,            0.011027,                   0,            0.009024,            0.009024,            0.009024
                 124,            0.036686,            0.031937,                   0,             0.91507,             0.85207,             0.89952,             0.33927,            0.028172,            0.010685,                   0,            0.009016,            0.009016,            0.009016
                 125,            0.036306,            0.031069,                   0,             0.91233,             0.82435,             0.87942,             0.32666,            0.028491,            0.010894,                   0,            0.009008,            0.009008,            0.009008
                 126,            0.037111,             0.03217,                   0,             0.91771,             0.79485,             0.87051,              0.3232,            0.028557,            0.011366,                   0,               0.009,               0.009,               0.009
                 127,            0.036727,            0.030699,                   0,             0.91792,             0.82294,             0.88915,             0.33721,            0.028144,            0.011105,                   0,            0.008992,            0.008992,            0.008992
                 128,            0.036577,            0.031763,                   0,             0.91042,             0.82073,             0.87584,             0.32228,            0.028699,            0.011001,                   0,            0.008984,            0.008984,            0.008984
                 129,            0.036807,            0.031663,                   0,             0.90954,              0.8024,              0.8689,             0.32343,             0.02867,            0.011299,                   0,            0.008976,            0.008976,            0.008976
                 130,            0.036501,            0.030927,                   0,             0.91291,             0.83809,              0.8885,             0.33182,            0.028301,            0.010872,                   0,            0.008968,            0.008968,            0.008968
                 131,            0.036768,            0.031664,                   0,             0.91773,             0.84024,             0.89117,             0.32849,            0.028417,            0.010921,                   0,             0.00896,             0.00896,             0.00896
                 132,            0.037137,            0.031265,                   0,             0.91816,             0.81784,             0.88316,             0.32652,            0.028551,            0.011086,                   0,            0.008952,            0.008952,            0.008952
                 133,            0.036933,            0.031947,                   0,             0.91837,             0.80541,             0.87493,              0.3227,             0.02867,            0.011489,                   0,            0.008944,            0.008944,            0.008944
                 134,            0.036574,            0.031451,                   0,             0.92391,             0.81627,             0.88573,             0.33223,            0.028319,            0.011287,                   0,            0.008936,            0.008936,            0.008936
                 135,            0.036232,            0.031037,                   0,              0.9237,             0.84285,             0.89881,             0.34249,            0.027942,            0.010824,                   0,            0.008928,            0.008928,            0.008928
                 136,            0.037085,            0.030933,                   0,             0.92828,             0.85136,             0.90495,             0.34457,            0.027931,            0.010707,                   0,             0.00892,             0.00892,             0.00892
                 137,            0.036382,            0.031207,                   0,             0.92287,             0.84777,             0.89867,             0.34189,            0.028069,            0.010788,                   0,            0.008912,            0.008912,            0.008912
                 138,            0.036738,             0.03127,                   0,             0.92683,             0.83866,             0.89962,             0.34107,            0.028073,            0.010931,                   0,            0.008904,            0.008904,            0.008904
                 139,            0.036641,             0.03125,                   0,             0.92573,             0.84343,              0.9024,             0.34233,            0.027974,             0.01091,                   0,            0.008896,            0.008896,            0.008896
                 140,            0.036355,            0.030692,                   0,             0.92203,             0.83256,             0.89668,             0.34396,            0.027978,            0.010892,                   0,            0.008888,            0.008888,            0.008888
                 141,            0.036734,            0.031354,                   0,             0.91689,             0.82594,             0.88173,             0.32644,            0.028535,            0.011002,                   0,             0.00888,             0.00888,             0.00888
                 142,            0.036839,            0.031486,                   0,             0.91454,             0.82015,             0.87728,             0.32439,            0.028739,            0.011062,                   0,            0.008872,            0.008872,            0.008872
                 143,            0.036637,            0.030716,                   0,             0.91947,             0.82537,             0.88639,             0.32618,            0.028654,            0.011036,                   0,            0.008864,            0.008864,            0.008864
                 144,            0.036756,            0.031648,                   0,             0.92155,             0.83071,             0.89127,             0.33162,            0.028507,            0.011082,                   0,            0.008856,            0.008856,            0.008856
                 145,            0.036372,            0.029693,                   0,             0.92517,             0.83981,             0.89567,             0.33985,            0.028244,            0.010821,                   0,            0.008848,            0.008848,            0.008848
                 146,            0.036857,            0.031366,                   0,             0.91712,             0.83193,              0.8897,             0.33548,            0.028373,            0.010986,                   0,             0.00884,             0.00884,             0.00884
                 147,            0.036488,            0.031119,                   0,             0.92756,             0.85225,             0.90596,             0.34808,            0.027958,            0.010747,                   0,            0.008832,            0.008832,            0.008832
                 148,            0.036409,            0.031103,                   0,             0.92657,             0.83736,              0.8963,             0.33912,            0.028125,             0.01096,                   0,            0.008824,            0.008824,            0.008824
                 149,            0.036386,            0.031085,                   0,             0.91792,             0.82943,             0.88828,                0.33,            0.028603,            0.010909,                   0,            0.008816,            0.008816,            0.008816
                 150,            0.036622,            0.031102,                   0,             0.90344,             0.80512,             0.86094,             0.30653,            0.029262,            0.011143,                   0,            0.008808,            0.008808,            0.008808
                 151,            0.036597,            0.031266,                   0,             0.92673,             0.83403,             0.89294,             0.33395,            0.028294,            0.011007,                   0,              0.0088,              0.0088,              0.0088
                 152,            0.036358,            0.031569,                   0,             0.91986,             0.84297,              0.8961,             0.33709,             0.02816,            0.010838,                   0,            0.008792,            0.008792,            0.008792
                 153,            0.036465,             0.03057,                   0,             0.92604,             0.83454,             0.89864,             0.34075,            0.028014,            0.011001,                   0,            0.008784,            0.008784,            0.008784
                 154,            0.036063,            0.030254,                   0,             0.91818,              0.8375,             0.88799,             0.32618,            0.028431,            0.010892,                   0,            0.008776,            0.008776,            0.008776
                 155,            0.036368,            0.030994,                   0,             0.91672,             0.83056,             0.88752,             0.32743,            0.028491,            0.010987,                   0,            0.008768,            0.008768,            0.008768
                 156,            0.036321,            0.030933,                   0,              0.9239,             0.85479,             0.90348,             0.34591,            0.027876,            0.010789,                   0,             0.00876,             0.00876,             0.00876
                 157,            0.036561,            0.031261,                   0,             0.92228,             0.83027,             0.89278,             0.33556,            0.028252,            0.010983,                   0,            0.008752,            0.008752,            0.008752
                 158,             0.03612,            0.030386,                   0,             0.91722,              0.8268,             0.88655,             0.32827,            0.028577,            0.011061,                   0,            0.008744,            0.008744,            0.008744
                 159,             0.03632,            0.030383,                   0,             0.91757,              0.8255,             0.88543,             0.32676,            0.028485,            0.011084,                   0,            0.008736,            0.008736,            0.008736
                 160,            0.036224,            0.030002,                   0,             0.92004,             0.84675,             0.89257,             0.33139,            0.028329,            0.010799,                   0,            0.008728,            0.008728,            0.008728
                 161,            0.036698,            0.031699,                   0,             0.92155,             0.83889,              0.8942,             0.33407,            0.028296,            0.010895,                   0,             0.00872,             0.00872,             0.00872
                 162,            0.036534,            0.031245,                   0,             0.92437,             0.84675,             0.89744,             0.34391,            0.027992,            0.010792,                   0,            0.008712,            0.008712,            0.008712
                 163,             0.03626,            0.030537,                   0,             0.92591,             0.84791,             0.89876,             0.34073,            0.028061,            0.010755,                   0,            0.008704,            0.008704,            0.008704
                 164,            0.036288,             0.03093,                   0,             0.92401,             0.84993,             0.90076,             0.34066,            0.028072,            0.010784,                   0,            0.008696,            0.008696,            0.008696
                 165,            0.036738,             0.03071,                   0,             0.92265,             0.82102,             0.88574,             0.33226,            0.028344,            0.011125,                   0,            0.008688,            0.008688,            0.008688
                 166,            0.036528,            0.030879,                   0,             0.92132,             0.83129,             0.89416,             0.33879,            0.028059,            0.010969,                   0,             0.00868,             0.00868,             0.00868
                 167,            0.036359,            0.029867,                   0,             0.91805,             0.83079,             0.88842,              0.3324,            0.028365,            0.010985,                   0,            0.008672,            0.008672,            0.008672
                 168,            0.036398,            0.030872,                   0,             0.91757,             0.82145,             0.88165,              0.3227,            0.028663,            0.011049,                   0,            0.008664,            0.008664,            0.008664
                 169,            0.036215,            0.031608,                   0,             0.92451,             0.85066,             0.90036,             0.34039,            0.028073,            0.010788,                   0,            0.008656,            0.008656,            0.008656
                 170,            0.036343,            0.031006,                   0,             0.91858,             0.83831,              0.8876,             0.33099,             0.02846,            0.010965,                   0,            0.008648,            0.008648,            0.008648
                 171,            0.036344,            0.030862,                   0,             0.91588,             0.81582,             0.87935,             0.32622,            0.028676,            0.011244,                   0,             0.00864,             0.00864,             0.00864
                 172,            0.036098,            0.031063,                   0,             0.92547,             0.85096,             0.90388,             0.34711,            0.027841,            0.010878,                   0,            0.008632,            0.008632,            0.008632
                 173,            0.036655,            0.030793,                   0,             0.92351,             0.83794,             0.89184,             0.33931,            0.028067,            0.010987,                   0,            0.008624,            0.008624,            0.008624
                 174,            0.036338,            0.030433,                   0,             0.92511,              0.8443,             0.89476,             0.33196,            0.028265,            0.010893,                   0,            0.008616,            0.008616,            0.008616
                 175,            0.036297,            0.031111,                   0,             0.92114,             0.82234,              0.8865,             0.33123,            0.028357,            0.011188,                   0,            0.008608,            0.008608,            0.008608
                 176,            0.036122,            0.030184,                   0,             0.91797,             0.82508,             0.88386,             0.32793,            0.028452,            0.011163,                   0,              0.0086,              0.0086,              0.0086
                 177,            0.036248,            0.031481,                   0,             0.92895,              0.8534,             0.90643,             0.34368,            0.028007,            0.010832,                   0,            0.008592,            0.008592,            0.008592
                 178,            0.036111,            0.030664,                   0,             0.92147,             0.82594,             0.88957,             0.33319,            0.028232,            0.011117,                   0,            0.008584,            0.008584,            0.008584
                 179,            0.036323,            0.030828,                   0,             0.92351,             0.83779,             0.89251,             0.33335,            0.028304,            0.011023,                   0,            0.008576,            0.008576,            0.008576
                 180,            0.036333,            0.030909,                   0,             0.92411,             0.85456,             0.89957,              0.3378,            0.028145,            0.010811,                   0,            0.008568,            0.008568,            0.008568
                 181,            0.036148,            0.030843,                   0,             0.92016,             0.83736,              0.8905,             0.33214,            0.028272,               0.011,                   0,             0.00856,             0.00856,             0.00856
                 182,            0.036045,            0.029767,                   0,             0.92798,             0.85319,             0.90771,             0.34828,            0.027821,            0.010819,                   0,            0.008552,            0.008552,            0.008552
                 183,            0.036493,            0.030947,                   0,             0.92653,             0.84068,             0.90158,             0.34246,            0.028044,            0.010954,                   0,            0.008544,            0.008544,            0.008544
                 184,            0.036383,            0.031131,                   0,             0.92805,             0.84106,             0.89665,             0.33874,            0.028091,            0.010866,                   0,            0.008536,            0.008536,            0.008536
                 185,            0.036137,            0.030146,                   0,             0.92741,             0.84459,             0.89687,             0.33489,            0.028224,            0.010807,                   0,            0.008528,            0.008528,            0.008528
                 186,            0.035848,            0.029502,                   0,             0.92244,             0.84516,             0.89426,             0.33129,            0.028385,            0.010908,                   0,             0.00852,             0.00852,             0.00852
                 187,            0.035907,            0.030753,                   0,             0.91844,              0.8443,             0.89322,             0.33397,            0.028346,            0.010842,                   0,            0.008512,            0.008512,            0.008512
                 188,            0.036069,            0.030438,                   0,             0.92534,             0.83858,             0.89712,             0.33976,            0.028148,            0.010933,                   0,            0.008504,            0.008504,            0.008504
                 189,            0.036093,            0.029957,                   0,             0.92591,             0.83374,             0.89638,             0.33668,            0.028273,            0.010892,                   0,            0.008496,            0.008496,            0.008496
                 190,            0.035909,            0.030621,                   0,              0.9181,             0.84595,             0.89591,             0.33521,            0.028243,            0.010772,                   0,            0.008488,            0.008488,            0.008488
                 191,            0.036087,             0.03002,                   0,             0.91903,             0.83354,             0.89246,              0.3343,             0.02828,            0.010913,                   0,             0.00848,             0.00848,             0.00848
                 192,            0.036223,            0.030563,                   0,             0.92084,             0.83909,             0.89537,             0.33482,            0.028321,            0.010883,                   0,            0.008472,            0.008472,            0.008472
                 193,            0.036382,            0.030924,                   0,             0.92564,             0.84314,             0.89939,             0.34036,            0.028083,            0.010895,                   0,            0.008464,            0.008464,            0.008464
                 194,            0.036503,             0.03177,                   0,             0.92753,             0.83374,             0.89616,             0.33879,            0.028244,            0.011016,                   0,            0.008456,            0.008456,            0.008456
                 195,            0.035849,            0.030745,                   0,             0.92761,             0.85196,             0.90461,              0.3443,            0.027989,            0.010801,                   0,            0.008448,            0.008448,            0.008448
                 196,            0.035764,            0.029943,                   0,             0.92839,              0.8443,             0.90139,             0.34345,            0.028006,            0.010935,                   0,             0.00844,             0.00844,             0.00844
                 197,            0.035766,            0.030119,                   0,             0.92142,             0.85608,             0.90053,             0.33979,            0.028008,            0.010797,                   0,            0.008432,            0.008432,            0.008432
                 198,            0.036315,            0.030882,                   0,             0.91797,             0.84545,             0.89475,             0.33236,            0.028268,            0.010848,                   0,            0.008424,            0.008424,            0.008424
                 199,            0.036586,            0.030898,                   0,             0.91998,             0.83345,             0.89069,             0.33358,            0.028304,            0.010964,                   0,            0.008416,            0.008416,            0.008416
                 200,            0.035792,             0.02974,                   0,             0.92042,             0.83201,             0.88595,             0.32897,             0.02846,            0.010954,                   0,            0.008408,            0.008408,            0.008408
                 201,            0.036406,            0.031357,                   0,             0.92639,             0.83447,             0.89106,             0.33373,            0.028351,            0.011012,                   0,              0.0084,              0.0084,              0.0084
                 202,            0.035852,            0.030608,                   0,             0.92471,             0.83721,             0.89269,             0.33232,            0.028365,            0.011039,                   0,            0.008392,            0.008392,            0.008392
                 203,            0.036132,            0.030995,                   0,             0.92862,             0.84704,             0.90059,             0.33909,            0.028129,            0.010904,                   0,            0.008384,            0.008384,            0.008384
                 204,            0.036402,            0.030647,                   0,             0.92203,             0.84704,             0.89129,             0.33458,            0.028284,            0.010947,                   0,            0.008376,            0.008376,            0.008376
                 205,              0.0363,            0.030598,                   0,             0.92277,             0.85066,             0.89491,             0.33557,             0.02817,            0.010807,                   0,            0.008368,            0.008368,            0.008368
                 206,             0.03588,            0.029502,                   0,             0.92725,             0.83844,             0.89145,             0.32902,             0.02836,             0.01103,                   0,             0.00836,             0.00836,             0.00836
                 207,            0.035934,            0.030882,                   0,             0.92555,             0.84719,             0.89773,             0.33647,            0.028168,             0.01091,                   0,            0.008352,            0.008352,            0.008352
                 208,            0.036328,            0.029782,                   0,             0.91906,             0.84083,             0.88699,             0.32311,            0.028575,            0.010928,                   0,            0.008344,            0.008344,            0.008344
                 209,            0.036185,            0.030492,                   0,              0.9179,             0.82854,             0.88191,              0.3247,            0.028667,            0.011019,                   0,            0.008336,            0.008336,            0.008336
                 210,            0.036189,            0.031043,                   0,              0.9231,             0.83736,             0.88966,             0.33039,            0.028575,            0.011048,                   0,            0.008328,            0.008328,            0.008328
                 211,            0.036074,             0.02938,                   0,             0.92419,             0.84074,             0.89848,             0.33707,            0.028233,             0.01096,                   0,             0.00832,             0.00832,             0.00832
                 212,            0.036288,            0.030104,                   0,             0.91859,             0.82767,             0.88678,             0.32708,            0.028586,             0.01107,                   0,            0.008312,            0.008312,            0.008312
                 213,             0.03606,            0.030263,                   0,             0.92092,              0.8469,             0.89884,             0.33726,            0.028267,            0.010888,                   0,            0.008304,            0.008304,            0.008304
                 214,            0.035747,            0.030089,                   0,             0.92508,             0.84184,             0.89677,             0.33555,            0.028195,            0.010965,                   0,            0.008296,            0.008296,            0.008296
                 215,            0.035798,            0.030084,                   0,             0.92064,             0.84364,             0.89182,             0.33375,            0.028256,            0.010955,                   0,            0.008288,            0.008288,            0.008288
                 216,            0.035938,            0.029239,                   0,             0.92698,              0.8469,             0.89868,             0.33969,            0.028076,            0.010955,                   0,             0.00828,             0.00828,             0.00828
                 217,             0.03578,            0.031301,                   0,             0.91991,             0.84083,             0.88902,             0.32999,            0.028399,            0.010979,                   0,            0.008272,            0.008272,            0.008272
                 218,            0.035323,            0.029794,                   0,             0.92708,             0.84366,             0.90103,             0.34497,            0.027904,             0.01104,                   0,            0.008264,            0.008264,            0.008264
                 219,             0.03607,            0.029978,                   0,              0.9244,             0.83973,             0.89444,              0.3354,            0.028224,            0.011067,                   0,            0.008256,            0.008256,            0.008256
                 220,             0.03606,            0.030062,                   0,             0.92529,             0.84213,             0.89446,              0.3344,            0.028254,            0.010997,                   0,            0.008248,            0.008248,            0.008248
                 221,            0.036183,            0.030594,                   0,             0.92877,             0.85014,              0.8994,             0.33796,            0.028079,            0.010844,                   0,             0.00824,             0.00824,             0.00824
                 222,            0.035688,             0.03066,                   0,             0.92433,              0.8477,             0.89792,             0.33211,            0.028325,             0.01081,                   0,            0.008232,            0.008232,            0.008232
                 223,            0.035244,            0.029695,                   0,             0.92226,             0.84126,             0.89169,             0.33132,            0.028347,            0.010942,                   0,            0.008224,            0.008224,            0.008224
                 224,             0.03568,            0.029848,                   0,             0.92353,              0.8456,             0.89086,             0.33041,            0.028347,            0.010891,                   0,            0.008216,            0.008216,            0.008216
                 225,            0.035675,            0.029698,                   0,             0.92578,              0.8495,             0.89791,             0.33596,             0.02816,            0.010851,                   0,            0.008208,            0.008208,            0.008208
                 226,            0.035605,            0.030368,                   0,             0.92248,             0.84169,             0.89026,             0.33087,            0.028321,            0.010967,                   0,              0.0082,              0.0082,              0.0082
                 227,            0.036049,            0.030552,                   0,             0.91549,             0.83004,             0.87709,             0.32149,            0.028618,            0.011062,                   0,            0.008192,            0.008192,            0.008192
                 228,            0.035641,            0.030329,                   0,             0.92378,             0.84314,             0.89047,             0.33065,            0.028381,            0.010985,                   0,            0.008184,            0.008184,            0.008184
                 229,             0.03598,            0.030903,                   0,             0.91937,             0.83408,             0.88429,             0.32715,             0.02852,            0.011136,                   0,            0.008176,            0.008176,            0.008176
                 230,             0.03542,            0.029068,                   0,             0.92151,             0.84014,             0.89031,             0.33149,            0.028354,            0.010976,                   0,            0.008168,            0.008168,            0.008168
                 231,            0.035817,            0.030226,                   0,             0.92238,             0.84733,             0.89498,             0.33431,            0.028307,             0.01092,                   0,             0.00816,             0.00816,             0.00816
                 232,            0.035513,            0.029194,                   0,             0.92059,             0.84516,             0.89127,              0.3345,            0.028263,            0.010927,                   0,            0.008152,            0.008152,            0.008152
                 233,            0.035823,            0.030158,                   0,             0.92155,             0.84577,             0.89407,             0.33774,            0.028245,            0.010906,                   0,            0.008144,            0.008144,            0.008144
                 234,            0.035413,            0.030053,                   0,             0.92377,             0.84273,             0.89402,              0.3358,            0.028321,            0.010922,                   0,            0.008136,            0.008136,            0.008136
                 235,            0.036127,            0.030771,                   0,             0.91257,             0.83765,             0.88538,             0.32443,            0.028651,            0.010939,                   0,            0.008128,            0.008128,            0.008128
                 236,            0.035928,            0.029356,                   0,             0.91832,             0.84679,             0.89503,             0.33533,            0.028251,            0.010833,                   0,             0.00812,             0.00812,             0.00812
                 237,            0.035823,            0.030336,                   0,             0.92462,             0.84591,             0.90063,             0.33868,            0.028135,            0.010846,                   0,            0.008112,            0.008112,            0.008112
                 238,            0.035695,            0.029618,                   0,             0.92064,              0.8419,             0.89553,             0.33569,            0.028239,            0.010954,                   0,            0.008104,            0.008104,            0.008104
                 239,            0.035561,            0.029217,                   0,             0.91936,             0.84762,              0.8955,             0.33457,            0.028289,            0.010947,                   0,            0.008096,            0.008096,            0.008096
                 240,            0.035342,            0.028764,                   0,             0.91936,             0.84618,             0.89554,             0.33133,            0.028366,            0.010975,                   0,            0.008088,            0.008088,            0.008088
                 241,            0.035943,            0.030732,                   0,             0.91568,             0.83389,             0.88583,             0.32474,            0.028593,            0.011065,                   0,             0.00808,             0.00808,             0.00808
                 242,            0.035239,            0.030046,                   0,             0.92598,             0.84141,             0.89621,             0.33602,            0.028198,            0.011078,                   0,            0.008072,            0.008072,            0.008072
                 243,            0.034965,            0.028856,                   0,             0.92024,             0.84232,              0.8919,             0.33179,            0.028333,            0.011019,                   0,            0.008064,            0.008064,            0.008064
                 244,            0.035839,            0.030331,                   0,             0.92154,             0.83708,             0.89026,              0.3279,            0.028447,            0.011007,                   0,            0.008056,            0.008056,            0.008056
                 245,            0.035233,            0.028921,                   0,             0.91599,             0.83447,             0.88672,             0.32808,             0.02851,            0.011037,                   0,            0.008048,            0.008048,            0.008048
                 246,             0.03533,            0.029475,                   0,             0.91967,             0.83916,             0.89237,             0.33181,            0.028449,            0.011021,                   0,             0.00804,             0.00804,             0.00804
                 247,            0.035997,            0.030244,                   0,             0.92026,             0.84141,             0.88954,             0.32743,            0.028485,            0.010967,                   0,            0.008032,            0.008032,            0.008032
                 248,            0.035919,            0.030394,                   0,             0.92024,             0.84444,             0.89123,             0.32938,            0.028372,            0.010966,                   0,            0.008024,            0.008024,            0.008024
                 249,            0.035921,            0.030623,                   0,             0.92297,             0.84401,             0.89386,             0.33398,            0.028259,            0.011012,                   0,            0.008016,            0.008016,            0.008016
                 250,            0.035522,            0.029698,                   0,             0.92301,             0.85153,             0.89769,             0.33449,            0.028204,            0.010897,                   0,            0.008008,            0.008008,            0.008008
                 251,            0.035334,            0.029322,                   0,             0.91688,                0.85,               0.891,             0.33173,            0.028293,            0.010938,                   0,               0.008,               0.008,               0.008
                 252,            0.035381,            0.030212,                   0,              0.9142,             0.83851,             0.88375,              0.3235,            0.028563,            0.010993,                   0,            0.007992,            0.007992,            0.007992
                 253,            0.035438,            0.030037,                   0,             0.91563,             0.83783,             0.88349,             0.32556,            0.028544,            0.011008,                   0,            0.007984,            0.007984,            0.007984
                 254,            0.035419,            0.029318,                   0,             0.91567,             0.84039,             0.88874,             0.33171,            0.028418,            0.011052,                   0,            0.007976,            0.007976,            0.007976
                 255,             0.03571,            0.029727,                   0,             0.91733,             0.84216,             0.88819,             0.32853,            0.028475,            0.011039,                   0,            0.007968,            0.007968,            0.007968
                 256,            0.035482,            0.029494,                   0,             0.91804,             0.83725,              0.8849,             0.32796,            0.028504,            0.011033,                   0,             0.00796,             0.00796,             0.00796
                 257,            0.035588,            0.029879,                   0,             0.92141,             0.83389,             0.88602,             0.32711,            0.028583,            0.011075,                   0,            0.007952,            0.007952,            0.007952
                 258,            0.035478,            0.029661,                   0,             0.92158,             0.84112,             0.88769,              0.3273,            0.028531,            0.010989,                   0,            0.007944,            0.007944,            0.007944
                 259,            0.035644,              0.0304,                   0,             0.92066,             0.84227,             0.88798,             0.32704,            0.028561,            0.011001,                   0,            0.007936,            0.007936,            0.007936
                 260,            0.035354,            0.029854,                   0,              0.9204,             0.83912,             0.88787,             0.32821,            0.028548,             0.01103,                   0,            0.007928,            0.007928,            0.007928
                 261,            0.035372,            0.030089,                   0,             0.91925,             0.84169,             0.89044,             0.32975,             0.02852,            0.011026,                   0,             0.00792,             0.00792,             0.00792
                 262,            0.035464,            0.030063,                   0,             0.92219,             0.84983,             0.89402,             0.33379,            0.028376,             0.01092,                   0,            0.007912,            0.007912,            0.007912
                 263,            0.035201,            0.029899,                   0,             0.91983,             0.85098,             0.89505,              0.3343,            0.028303,            0.010908,                   0,            0.007904,            0.007904,            0.007904
                 264,            0.035262,            0.029527,                   0,             0.92304,             0.84444,             0.89408,              0.3327,            0.028393,            0.010973,                   0,            0.007896,            0.007896,            0.007896
                 265,             0.03562,            0.030055,                   0,             0.92539,             0.84025,             0.89315,             0.33238,            0.028448,            0.011033,                   0,            0.007888,            0.007888,            0.007888
                 266,            0.035173,            0.028378,                   0,             0.92252,             0.84171,             0.89232,             0.33295,            0.028438,            0.011025,                   0,             0.00788,             0.00788,             0.00788
                 267,             0.03532,            0.029754,                   0,             0.91938,             0.83753,             0.88805,             0.32949,            0.028537,            0.011068,                   0,            0.007872,            0.007872,            0.007872
                 268,            0.035284,            0.029989,                   0,             0.91976,             0.83519,             0.88696,             0.32779,            0.028559,            0.011031,                   0,            0.007864,            0.007864,            0.007864
                 269,            0.035763,            0.029772,                   0,             0.92092,             0.83663,             0.88757,             0.33016,            0.028494,            0.011048,                   0,            0.007856,            0.007856,            0.007856
                 270,            0.035034,            0.029271,                   0,             0.92058,             0.83449,             0.88913,             0.33203,            0.028411,            0.011071,                   0,            0.007848,            0.007848,            0.007848
                 271,            0.034926,            0.029801,                   0,             0.91912,             0.83784,             0.89045,             0.33149,            0.028492,            0.011066,                   0,             0.00784,             0.00784,             0.00784
                 272,            0.035535,              0.0293,                   0,             0.91833,              0.8375,             0.88951,             0.32989,            0.028532,            0.011083,                   0,            0.007832,            0.007832,            0.007832
                 273,            0.035527,            0.029671,                   0,             0.91995,              0.8375,             0.89181,              0.3324,            0.028435,            0.011066,                   0,            0.007824,            0.007824,            0.007824
                 274,            0.035483,            0.029747,                   0,             0.91653,             0.84198,             0.89081,             0.33132,            0.028456,            0.011058,                   0,            0.007816,            0.007816,            0.007816
                 275,            0.035256,            0.030065,                   0,              0.9139,             0.83837,             0.88501,             0.32615,            0.028572,            0.011099,                   0,            0.007808,            0.007808,            0.007808
                 276,            0.036096,            0.029807,                   0,              0.9138,             0.84198,             0.88594,              0.3254,            0.028597,            0.011047,                   0,              0.0078,              0.0078,              0.0078
                 277,            0.035467,            0.029447,                   0,             0.91248,             0.83655,             0.88344,             0.32327,            0.028705,             0.01109,                   0,            0.007792,            0.007792,            0.007792
                 278,            0.035278,            0.029204,                   0,               0.916,             0.84386,             0.88755,             0.32583,             0.02861,            0.011041,                   0,            0.007784,            0.007784,            0.007784
                 279,            0.035494,            0.029552,                   0,             0.91537,             0.83837,             0.88689,             0.32347,            0.028725,            0.011076,                   0,            0.007776,            0.007776,            0.007776
                 280,            0.035725,            0.029185,                   0,             0.91895,             0.84603,             0.89218,             0.32988,            0.028514,            0.011042,                   0,            0.007768,            0.007768,            0.007768
                 281,             0.03534,            0.030148,                   0,             0.92255,             0.84907,             0.89532,             0.33465,            0.028341,            0.011003,                   0,             0.00776,             0.00776,             0.00776
                 282,            0.035061,            0.030154,                   0,             0.92342,             0.84722,             0.89313,             0.33307,            0.028388,            0.011032,                   0,            0.007752,            0.007752,            0.007752
